
/*---its ok to many live state?---------*/

insert into colony values
(00001,'Colome','in use','military base'),
(00002,'Meadowland','in use','factory'),
(00003,'Criminal´s tree','in use','mine'),
(00004,'Lepanto','in use','farm'),
(00005,'Lodin','in use','werehouse'),
(00006,'Green comboa','destroid','factory'),
(00007,'Arebrad','abandoned','military base'),
(00008,'Cobra pond','abandoned','farm'),
(00009,'Jaerelen','taken','mine')

insert into childhood values
(001,'explorer','Two generations before [PAWN_nameDef] was born, an apocalyptic war dragged [PAWN_possessive] home planet into anarchy. [PAWN_nameDef] was tasked with watching [PAWN_possessive] tribes herds, but often shirked [PAWN_possessive] duties to go exploring the crashed warships scattered around the planet.'),
(002,'refugee','War broke out in [PAWN_nameDef]s home when [PAWN_pronoun] was a baby. [PAWN_possessive] parents fled with [PAWN_objective], seeking safety wherever they could find it. [PAWN_nameDef]s earliest memories are of being taught how to defend [PAWN_objective]self. The violence and destruction [PAWN_pronoun] witnessed left [PAWN_objective] scarred for life.'),
(003,'Vengeful','As a child, [PAWN_nameDef] returned to [PAWN_possessive] village to find that it had been wiped out by bandits. [PAWN_pronoun] swore revenge on the attackers and began a violent rampage across the wild'),
(004,'Vatgrown','[PAWN_nameDef] wasnt made as a person, but as an instrument of destruction. Grown in a bioweapons facility and taught combat during [PAWN_possessive] accelerated growth, [PAWN_nameDef] still has a proclivity for combat of all kinds and an aversion to human contact.'),
(005,'urchin','The urbworlds - ancient and deep industrial cityscapes bursting with humanity and poison. [PAWN_nameDef] grew up in the dark, unwanted reaches of such a place. [PAWN_pronoun] had to fight for every scrap of food.'),
(006,'Tribal','[PAWN_nameDef] grew up in the tribe, running around the village, moving with the muffalo herds, learning essential skills from [PAWN_possessive] parents.'),
(007,'Testee','On the most corrupt urbworlds, scientists without a moral compass commit unspeakable atrocities in the name of research. [PAWN_nameDef] was kept alone in a sealed facility from birth and subjected to a variety of behavioural experiments in an attempt to turn [PAWN_objective] into a perfect super-soldier.'),
(009,'writer','As a child, [PAWN_nameDef] was addicted to reading. [PAWN_pronoun] would spend all day in [PAWN_possessive] local library with [PAWN_possessive] nose in a book. When budget cuts forced the library to close, [PAWN_nameDef] was distraught. [PAWN_pronoun] decided to fill the gap by writing [PAWN_possessive] own stories instead'),
(010,'survivor','[PAWN_nameDef]’s entire tribe was wiped out in a raid. Though [PAWN_pronoun] was adopted by another group, [PAWN_pronoun] was emotionally scarred, and preferred to stay near home, cooking and tending crops.'),
(011,'Patient','As a child, [PAWN_nameDef] suffered from a rare disease. Quarantined in a research hospital, [PAWN_pronoun] had minimal human contact and got little physical exercise. In the sterile hospital environment, however, [PAWN_pronoun] became very familiar with science and medicine.'),
(012,'Shopkeeper','[PAWN_nameDef]s mother was often ill, and it fell to [PAWN_objective] to run the store which was their only source of income. [PAWN_pronoun] learned a little about the exotic artifacts which [PAWN_pronoun] sold, and a lot about the art of the deal.'),
(013,'Shelterkid','[PAWN_nameDef] grew up in a shelter deep beneath a toxic world. [PAWN_pronoun] received a comprehensive education, but had no opportunity to do physical labour.'),
(014,'Scout','Born to colonial administrators from a small imperial power, [PAWN_nameDef] was enrolled in a youth program that taught military scouting skills. [PAWN_pronoun] learned to survive in the wilderness, to obey, and not to ask questions.'),
(015,'Scavenger','[PAWN_nameDef] spent [PAWN_possessive] childhood escaping grunt work to go digging through wrecks and ruins for treasures. [PAWN_possessive] natural curiosity got [PAWN_objective] into a lot of trouble, but it also yielded many interesting finds.'),
(016,'Reclusive','[PAWN_nameDef] didn’t learn to speak until [PAWN_pronoun] was nearly 5 years old, and, even then, [PAWN_pronoun] preferred to keep to [PAWN_objective]self. When [PAWN_pronoun] was in [PAWN_possessive] early teens, [PAWN_pronoun] made a habit of wandering off from the village to live in the wilderness for weeks at a time.'),
(017,'Pyromaniac','From an early age, [PAWN_nameDef] had an unhealthy fascination with fire. [PAWN_pronoun] would set refuse heaps ablaze and become so entranced by the flames [PAWN_pronoun] would absent-mindedly burn [PAWN_objective]self.'),
(018,'Organ farm','[PAWN_nameDef] was raised in an illegal underground organ farm. [PAWN_possessive] body was used to grow organic implants for wounded mercenaries. Though [PAWN_possessive] upbringing has left [PAWN_objective] haunted, it has also given [PAWN_objective] a unique understanding of human biology.'),
(019,'Mute','[PAWN_nameDef] was greatly affected by a traumatic event early in [PAWN_possessive] life. For many years [PAWN_pronoun] refused to speak to people, preferring instead to play with [PAWN_possessive] households numerous pets.'),
(020,'Musician','As a child, [PAWN_nameDef] had a talent for playing musical instruments and singing. [PAWN_pronoun] was given expert training and loved to perform in recitals and concerts, though the lavish praise [PAWN_pronoun] received made [PAWN_objective] a little self-obsessed.'),
(021,'Slave','[PAWN_nameDef] grew up pulling carts and digging holes on a medieval world. Simple manual labor is [PAWN_possessive] oldest companion - along with the masters lash.'),
(022,'Lordling','[PAWN_nameDef] was a minor noble in an old kingdom on a medieval world. [PAWN_pronoun] grew up in a manor made of stone, served by bowing lowerclassmen.'),
(023,'Medic','[PAWN_nameDef] was born during a catastrophic war in which both sides used napalm extensively. [PAWN_pronoun] grew up helping [PAWN_possessive] parents in an infirmary, treating the cascade of horrific burns from the battlefields. [PAWN_pronoun] was left with a lifelong fear of fire.'),
(024,'Orphan','[PAWN_nameDef] never knew [PAWN_possessive] parents. [PAWN_possessive] earliest memories were of drudgery in the mines and workhouses of [PAWN_possessive] industrial world.'),
(025,'Herder','As a child, [PAWN_nameDef] tended the tribe’s muffalo herds, keeping them safe from predators and treating the sick. It was quiet work, but [PAWN_pronoun] enjoyed being away from people.'),
(026,'Scared','[PAWN_nameDef] grew up with a laundry list of phobias and neuroses. [PAWN_pronoun] feared, among other things, doctors and foodborne pathogens.'),
(027,'Fire keeper','[PAWN_nameDef] was responsible for keeping the tribe’s fire going. [PAWN_pronoun] took this responsibility very seriously.'),
(028,'Cult child','[PAWN_nameDef] was born into a powerful cult which shunned advanced technology and believed that all illness could be cured by cleansing the soul through sacred art.'),
(030,'Illicit','The child of an illicit affair, [PAWN_nameDef] was bought up by nuns in a medieval convent. [PAWN_pronoun] learned the value of hard work and submission, but was taught that technology is heretical.');

insert into adulthood values
(001,'Actor','[PAWN_nameDef] travelled [PAWN_possessive] homeworld with a company of actors, playing to packed theatres and loving audiences everywhere. [PAWN_pronoun] was a perfectionist, and made [PAWN_possessive] own props and costumes rather than use the ones [PAWN_pronoun] was given.'),
(002,'Architect','[PAWN_nameDef] designed and constructed buildings. On [PAWN_possessive] glitterworld home, most of the technical aspects of architecture were handled by an AI. This enabled [PAWN_objective] to push the artistic limits of the craft, but also meant [PAWN_pronoun] never had to get [PAWN_possessive] hands dirty at building sites.'),
(003,'Priest','After taking a vow of silence, [PAWN_nameDef] joined a monastery on a peaceful backwater planet to spend [PAWN_possessive] days in quiet contemplation.'),
(004,'Assassin','[PAWN_nameDef] was a professional assassin. [PAWN_pronoun] was cold, calculating, and made a good profit. In this business, an utter lack of empathy was an asset.'),
(005,'Bartender','[PAWN_nameDef] worked as a bartender on a seedy space station. The job entailed one part drink mixing, one part diplomacy, and one part head-bashing.'),
(006,'Botanist','[PAWN_nameDef] lived on a peaceful glitterworld where all menial work was done by robots and people devoted themselves to leisure. [PAWN_pronoun] managed the plant and animal life of a sprawling park, where citizens came to admire the natural beauty.'),
(007,'Blacksmith','As a smith on a medieval world, [PAWN_nameDef] gained a reputation for the high quality of [PAWN_possessive] work. [PAWN_pronoun] wasnt bad at using the swords [PAWN_pronoun] forged either.'),
(009,'Bodyguard','[PAWN_nameDef] found work on a midworld, protecting whoever paid [PAWN_objective] from harm. [PAWN_pronoun] gained proficiency in many different combat forms, and was known for [PAWN_possessive] ruthlessness against those who crossed [PAWN_objective].'),
(010,'Castaway','[PAWN_nameDef] was the only survivor of a ship crash on an unhabited animal world. For many years until [PAWN_possessive] rescue [PAWN_pronoun] scrounged an existence out of whatever [PAWN_pronoun] could find.'),
(011,'Cave tender','While the others were out hunting and foraging, [PAWN_nameDef] would stay at home to cook and take care of the young and sick.'),
(012,'Illuminator','Among tunnel-dwellers, those with vision as strong as [PAWN_nameDef]’s are revered as sages. [PAWN_pronoun] would lead the way, marking spots to dig with bioluminescent fungus and warning others of impending danger.'),
(013,'Altruist','Glitterworlds are havens of safety and comfort for those lucky enough to live there, but [PAWN_nameDef] could not ignore nearby planets where people suffered in poverty. [PAWN_pronoun] spent [PAWN_possessive] working life appealing for donations and supporting those in need.'),
(014,'Clerk','[PAWN_nameDef] worked as a low-ranking administrator for a moribund government bureaucracy. [PAWN_pronoun] is most at home filling out complicated paperwork and playing office politics.'),
(015,'Settler','[PAWN_nameDef] was a settler on a new colony world.'),
(016,'Con artist','[PAWN_nameDef] never created anything in [PAWN_possessive] life. [PAWN_pronoun] did, however, prove to be a natural at getting others to give [PAWN_objective] what they had created.'),
(017,'Artist','[PAWN_nameDef] was well-known in art circles on [PAWN_possessive] home world for [PAWN_possessive] unique and creative conceptual artworks.'),
(018,'Builder','[PAWN_nameDef] was a construction worker on a midworld. [PAWN_pronoun] lead a team which built everything from office blocks to cathedrals.'),
(019,'Counselor','A terrifying trauma when [PAWN_nameDef] was a young adult caused [PAWN_objective] to develop a serious eating disorder. With counseling [PAWN_pronoun] learned to have a healthier relationship with food, and decided to put [PAWN_possessive] new skills to use helping others overcome their emotional problems.'),
(020,'Courtesean','[PAWN_nameDef] was used for [PAWN_possessive] body by hundreds of customers in brothels on several planets. [PAWN_pronoun] gained some mental marks and a special kind of street smarts.'),
(021,'Miner','[PAWN_nameDef] did the sweaty, grimy work of pulling metal out of asteroids on a deep space rig. [PAWN_pronoun] used [PAWN_possessive] hands-on industrial skills daily - and wasnt bad in a bar fight either.'),
(022,'Defector','Early in [PAWN_possessive] adulthood, [PAWN_nameDef] decided to leave the oppressive dictatorship where [PAWN_pronoun] lived. [PAWN_possessive] defection was not well-received, and agents were sent out after [PAWN_objective].'),
(023,'Digger','[PAWN_nameDef] and [PAWN_possessive] tribe carved their home deep into the side of a mountain. [PAWN_nameDef] feels most at home picking through rock and shoring up cave walls.'),
(024,'Drifter','[PAWN_nameDef] never figured out what to do with [PAWN_possessive] life. [PAWN_pronoun] travelled often, taking up casual work wherever [PAWN_pronoun] found it.'),
(025,'Escapee','[PAWN_nameDef] denies involvement in the crimes that brought about [PAWN_possessive] incarceration in a brutal penal colony. [PAWN_pronoun] escaped by tunnelling beneath the perimeter using modified cutlery.'),
(026,'Evangelist','As a youth, [PAWN_nameDef] experienced a religious awakening. [PAWN_pronoun] decided to spend the rest of [PAWN_possessive] life spreading the word of [PAWN_possessive] deity, the beauty of its culture, and its unusual medical tradition.'),
(027,'Blaster','[PAWN_nameDef] was an explosive engineer employed in mines. [PAWN_pronoun] took [PAWN_possessive] job very seriously and was well-versed in the technicalities - so much so that [PAWN_pronoun] refused to demean [PAWN_objective]self by helping with the clean-up once [PAWN_possessive] carefully-calculated explosion was complete.'),
(028,'Worker','[PAWN_nameDef] did menial, unskilled work in an industrial-era factory. [PAWN_possessive] job also included caring for the mules and horses which transported goods around the city.'),
(030,'Gardener','On industrial worlds, wealth concentrates in the hands of those who own the factories and sell the goods. [PAWN_nameDef] worked at the mansion of one such rich family, tending the lavish gardens as part of a team of servants.')

INSERT INTO type_traits VALUES
(0001,'Nudist','NAME enjoys the feeling of freedom that comes from being nude. They can handle clothing, but will be happier without it.'),
(0002,'Bloodlust','NAME gets a rush from hurting people, and never minds the sight of blood or death.'),
(0003,'Kind','NAME is a nice person. They have a tendency to brighten everyone elses day and never insult others.'),
(0004,'psychopath','NAME has no empathy. The suffering of others doesnt bother them at all. They dont mind if others are butchered, left unburied, imprisoned, or sold to slavery - unless it affects them. NAME also feels no mood boost from socializing.'),
(0005,'Cannibal','NAME was taught that eating human meat is wrong and horrible. But one time, long ago, PRONOUN tried it... and PRONOUN liked it.'),
(0006,'abrasive','NAME always says exactly whats on their mind, especially if its bugging PRONOUN. That tends to rub people the wrong way.'),
(0007,'Too smart','NAME is too smart for PRONOUN own good. PRONOUN learns everything much faster than everyone, but can be quite eccentric.'),
(0008,'brawler','	NAME likes to fight up close and personal. PRONOUNs accuracy is greatly increased in melee combat, but PRONOUNll be very unhappy if asked to carry a ranged weapon.'),
(0009,'nimble','NAME has remarkable kinesthetic intelligence. PRONOUN seem to dance around danger with preternatural grace.'),
(0010,'fast learner','NAME has a knack for learning. PRONOUN picks things up much faster than others.'),
(0011,'slow learner','NAME is slow on the uptake. PRONOUN picks things up much faster than others.'),
(0012,'masochist','NAME is slow on the uptake. PRONOUN picks things up much faster than others.'),
(0013,'transhumanist','NAME feels limited in their feeble human body. NAME often dreams of going bionic.'),
(0014,'body purist','NAME believes the human body is limited for a reason. To them, bionic body parts are unethical.'),
(0015,'night olw','	NAME likes to work at night. PRONOUN gets a mood bonus if awake at night and mood loss if awake during the day. PRONOUN doesnt get a mood penalty for being in the dark.'),
(0016,'greedy','NAME needs a really impressive bedroom. PRONOUN gets a mood loss if they dont get what they want.'),
(0017,'jealous','For NAME, its degrading to have a less impressive bedroom than someone else. NAME gets a mood loss if any colonist has a more impressive bedroom.'),
(0018,'astetic','NAME has forsaken physical comforts and enjoyments in favor of a simple, pure lifestyle. NAME will become unhappy if if [sic] NAME has a bedroom thats too impressive. PRONOUN also dislikes fancy food and prefers to eat raw. NAME never judges others by their appearance.'),
(0019,'gay','NAME is romantically attracted to people of their own gender.'),
(0020,'bisexual','NAME is romantically attracted to both men and women.'),
(0021,'misandrist','NAME really dislikes and distrusts men.'),
(0022,'misogynist','NAME really dislikes and distrusts women.'),
(0023,'great memory','NAME has a fantastic memory for detail. PRONOUN will lose unused skills at half the rate of other people.'),
(0024,'tough','	NAME has thick skin, dense flesh, and durable bones. PRONOUN takes much less damage than other people from the same blows. PRONOUN is extremely hard to kill.'),
(0025,'Annoying Voice','NAMEs voice has a particularly grating, nasal quality to it, and tends to talk in barked, garbled phrases. This predisposes others to dislike them.'),
(0026,'Creepy Breathing','NAME breathes heavily all the time, and sweats constantly. People find it creepy.'),
(0027,'Pyromaniac','NAME loves fire. They will occasionally start fires and will never extinguish them.'),
(0028,'Wimp','NAME is weak and cowardly. Even a little pain will immobilize PRONOUN.'),
(0029,'Undergrounder','NAME has no need to experience the outdoors or light. PRONOUN will never feel cooped up or get cabin fever, no matter how long PRONOUN stays inside, and is not bothered by darkness'),
(0030,'Tortured Artist','NAME feels alienated and misunderstood by other human beings. PRONOUN will get a constant mood debuff, but gain a chance (50%) to get a creativity inspiration after a mental break.'),
(0031,'Chemical Fascination','NAME is utterly fascinated with chemical sources of enjoyment. Consuming recreational drugs will create a good mood, while abstaining will lead to increasing frustration over time and possibly drug binges. PRONOUN will ignore directives to not use recreational drugs, and will consume more than a normal person.'),
(0032,'Chemical Interest','NAME has an unusual interest in chemical sources of enjoyment. Consuming recreational drugs will create a good mood, while abstaining will lead to increasing frustration over time and possible drug binges. PRONOUN will ignore directives to not use recreational drugs, and will consume more than a normal person.'),
(0033,'Teetotaler','NAME abhors the idea of gaining pleasure from chemicals. PRONOUN strictly avoids alcohol and recreational drugs.'),
(0034,'Industrious','NAME has an easy time staying on-task and focused, and gets things done much faster than the average person.'),
(0035,'Hard Worker','NAME is a natural hard worker and will finish tasks faster than most.'),
(0036,'Lazy','NAME is a little bit lazy.'),
(0037,'Slothful','NAME loves idleness and hates anything productive. HE moves slowly and rarely stays focused on a task.'),
(0038,'Jogger','NAME always moves with a sense of urgency - so much so that others often fail to keep up.'),
(0039,'Fast Walker','NAME likes to be where HEs going. HE walks quicker than most people.'),
(0040,'Slowpoke','NAME is always falling behind the group whenever HE goes anywhere.'),
(0041,'Sanguine','NAME is just naturally upbeat about HIS situation, pretty much all the time, no matter what it is.'),
(0042,'Optimist','NAME is naturally optimistic about life. Its hard to get HIM down.'),
(0043,'Pessimist','NAME tends to look on the bad side of life.'),
(0044,'Depressive','NAME is perennially unhappy. HE has trouble sustaining a good mood even when everything is fine.'),
(0045,'Iron-Willed','NAMEs will is an iron shield. HE keeps going through thick and thin, when others broke down long before.'),
(0046,'Steadfast','NAME is mentally tough and wont break down under stresses that would crack most people.'),
(0047,'Nervous','NAME tends to crack under pressure.'),
(0048,'Volatile','NAME is on a hair-trigger all the time. HE is the first to break in any tough situation.'),
(0049,'Neurotic','NAME likes to have things squared away. HE will work harder than most to attain this state of affairs, but HIS nerves can get the better of HIM.'),
(0050,'Very Neurotic','NAME feels constantly nervous about everything that has to get done. HE will work extremely hard to attain this state of affairs, but HIS nerves can easily get the better of HIM.'),
(0051,'Careful Shooter','NAME takes more time to aim when shooting. HE shoots less often than others, but with more accuracy.'),
(0052,'Trigger-Happy','Pew! Pew! Pew! NAME just likes pulling the trigger. HE shoots faster than others, but less accurately.'),
(0053,'Beautiful','NAME is exceptionally beautiful, with an exotic-yet-familiar facial structure and an arresting gaze. People are attracted to HIM before HE even opens HIS mouth.'),
(0054,'Pretty','NAME has a pretty face, which predisposes people to like HIM.'),
(0055,'Ugly','NAME is somewhat ugly. This subtly repels others during social interactions.'),
(0056,'Staggeringly Ugly','NAME is staggeringly ugly. HIS face looks like a cross between a drawing by an untalented child, a malformed fetus in a jar of formaldehyde, and a piece of modern art. Others must exert conscious effort to look at HIM while conversing.'),
(0057,'Psychically Hypersensitive','NAMEs mind is like a psychic tuning fork. HE is extremely sensitive to psychic phenomena.'),
(0058,'Psychically Sensitive','NAMEs mind is unusually sensitive to psychic phenomena.'),
(0059,'Psychically Dull','NAMEs mind is psychically out of tune with others. HE isnt as affected by psychic phenomena.'),
(0060,'Psychically Deaf','NAMEs mind works on a psychic frequency different from everyone else. HE just isnt affected by psychic phenomena.'),
(0061,'Super-immune','NAME has a naturally powerful immune system. HE will gain immunity much faster than a normal person would, and can survive illnesses that would kill others.'),
(0062,'Sickly','NAME has an awful immune system. HE gets sick more often than usual, frequently with illnesses that nobody in the colony has been afflicted by.'),
(0063,'Prosthophile','NAME feels limited in their feeble human body. NAME often dreams of going bionic.'),
(0064,'Prosthophobe','NAME believes the human body is limited for a reason. To them, bionic body parts are unethical.'),
(0065,'Green Thumb','NAME has a passion for gardening. They get a mood bonus for every plant they sow.'),
(0066,'Tunneler','NAME has no need for space. PRONOUN will never feel cooped up or get cabin fever, no matter how long PRONOUN stays indoors.'),
(0067,'xenophobe','----------'),
(0068,'xenophile','..........'),
(0069,'gourmand','NAMEs life revolves around food. PRONOUN gets hungry quickly, and if PRONOUN is in a bad mood, PRONOUN will often satisfy PRONOUN-self by eating.'),
(0070,'Quick sleeper','	NAME doesnt need as much sleep as the average person. Whether PRONOUNs sleeping on a bed or on the ground, PRONOUN will be fully rested in about two thirds the usual time.')

----aumentar mas los nombre------

insert into jobs values
(01,'jailor'),
(02,'tailor'),
(03,'research'),
(04,'miner'),
(05,'doctor'),
(06,'chef'),
(07,'vet'),
(08,'hunter'),
(09,'builder'),
(10,'farmer'),
(11,'blacksmith'),
(12,'artist'),
(13,'crafter'),
(14,'janitor'),
(15,'soldier'),
(16,'leader'),
(17,'diplomatic')


insert into traits (FK_ID_colonist, FK_ID_characteristics) values
(0000001,0070),
(0000002,0040),
(0000003,0050),
(0000004,0051),
(0000005,0041),
(0000006,0034),
(0000007,0020),
(0000008,0030),
(0000009,0031),
(0000010,0012),
(0000011,0013),
(0000012,0014),
(0000013,0015),
(0000014,0057),
(0000015,0059),
(0000016,0069),
(0000017,0024),
(0000018,0045),
(0000019,0036),
(0000020,0037),
(0000021,0027),
(0000022,0030),
(0000023,0012),
(0000024,0013),
(0000025,0034),
(0000026,0056),
(0000027,0023),
(0000028,0030),
(0000029,0034),
(0000030,0020)

insert into colonistjobs values
(000001,015),
(000002,014),
(000003,013),
(000004,012),
(000005,014),
(000006,002),
(000007,005),
(000008,001),
(000009,003),
(000010,006),
(000011,007),
(000012,010),
(000013,003),
(000014,002),
(000015,009),
(000016,011),
(000017,013),
(000018,002),
(000019,015),
(000020,014),
(000021,012),
(000022,006),
(000023,005),
(000024,001),
(000025,007),
(000026,016),
(000027,017),
(000028,001),
(000029,002),
(000030,003)


INSERT INTO colonist (ID_colonist, name, nickname, lastname, live_state, FK_ID_colony) VALUES
(0000001,'Kazuko','Meadows','Meadows','Alive',00001),
(0000002,'Noriko,','Lucas','Meadows','Alive',00001),
(0000003,'Hooke','Eaton','Eaton','alive',00002),
(0000004,'Saga ','Simone','Simone','alive',00001),
(0000005,'Wendy',null,'Delton','dead',00001),
(0000006,'Chris','Herman','Herman','gone',00003),
(0000007,'Maisie',null,'Jennings','dead',00003),
(0000008,'Artemisia',null,'Thrip','gone',00001),
(0000009,'Andrey','Andrey','Melkov','dead',00003),
(0000010,'Spider',null,'Rarca','alive',00003),
(0000011,'Colmea',null,'Senra','alive',00001),
(0000012,'Izzy','Allen','Allen','dead',00002),
(0000013,'Boyle','Spencer','Spencer','alive',00004),
(0000014,'Sparrow','Sparrow','Ñoisale','dead',00005),
(0000015,'Escher',null,'Hering','dead',00005),
(0000016,'Porter','Ludwing','Ludwing','alive',00004),
(0000017,'Narda',null,'Randolph','alive',00005),
(0000018,'Akira',null,'Kaneda','alive',00004),
(0000019,'Jenny',null,'Schnapp','alive',00005),
(0000020,'Marry',null,'Maliphalo','alive',00004),
(0000021,'Darrien','Maliphalo','Maliphalo','alive',00003),
(0000022,'Brazos','wheeler','wheeler','alive',00001),
(0000023,'Synth','Lockheart','Lockheart','alive',00004),
(0000024,'Tomoko','Ashley','Ashley','alive',00003),
(0000025,'Yana',null,'Hesley','alive',00002),
(0000026,'Kumiko','Thompson','Thompson','alive',00003),
(0000027,'Scipio ',null,'Mortis','alive',00003),
(0000028,'Termite',null,'Meaxadavasba','alive',00003),
(0000029,'Blue',null,'Trebo','alive',00003),
(0000030,'Trista',null,'Clafey','alive',00005);

INSERT INTo C_identity values 
(21,3,25,20,'f',1),
(30,2,30,20,'f',2),
(24,7,60,30,'m',3),
(27,30,20,30,'f',4),
(22,26,90,70,'f',5),
(12,15,29,27,'m',6),
(15,13,40,30,'f',7),
(26,20,30,26,'f',8),
(24,14,70,50,'m',9),
(27,21,60,20,'m',10),
(21,3,25,20,'f',11),
(30,2,30,20,'f',12),
(24,7,60,30,'m',13),
(27,30,20,30,'f',14),
(22,26,90,70,'f',15),
(12,15,29,27,'m',16),
(15,13,40,30,'f',17),
(26,20,30,26,'f',18),
(24,14,70,50,'m',19),
(27,21,60,20,'m',20),
(21,3,25,20,'f',21),
(30,2,30,22,'f',22),
(24,7,60,30,'m',23),
(27,30,20,30,'f',24),
(22,26,90,70,'f',25),
(12,15,29,27,'m',26),
(15,13,40,30,'f',27),
(26,20,30,26,'f',28),
(24,14,70,50,'m',29),
(27,21,60,20,'m',30)


INSERT INTO tool values
(1,'mace'),
(2,'gladius'),
(3,'longsword'),
(4,'club'),
(5,'knife'),
(6,'ikwa'),
(7,'spear'),
(8,'short bow'),
(9,'great bow'),
(10,'shovel'),
(11,'baton'),
(12,'combat knife'),
(13,'wrench'),
(14,'claver'),
(15,'scalpel'),
(16,'pickaxe'),
(17,'hammer'),
(18,'battle axe'),
(19,'halberd'),
(20,'axe'),
(21,'compound bow'),
(22,'crossbow'),
(23,'musket'),
(24,'flintlock'),
(25,'throwing knifes'),
(26,'whip'),
(27,'throwing rocks'),
(28,'long bow'),
(29,'frag granades'),
(30,'molotovs'),
(31,'EMP granades'),
(32,'revel rifle'),
(33,'revel pistol'),
(34,'OBG'),
(35,'toxic granades'),
(36,'triple rocket launcher'),
(37,'doomsday rocket launcher'),
(38,'rocket launcher'),
(39,'revolver'),
(40,'autopistol'),
(41,'machine pistol'),
(42,'insendiary launcher'),
(43,'bolt action rifle'),
(44,'pump shotgun'),
(45,'chain shotgun'),
(46,'heavy SMG'),
(47,'LMG'),
(48,'asault rifle'),
(49,'sniper rifle'),
(50,'minigun'),
(51,'combat handgun'),
(52,'sawed-off shotgun'),
(53,'granade launcher'),
(54,'flamethrower'),
(55,'fire extinguisher'),
(56,'semi automatic rifle'),
(57,'lever action rifle'),
(58,'light SMG'),
(59,'SMG'),
(60,'HMG'),
(61,'service rifle'),
(62,'battle rifle'),
(63,'carbine'),
(64,'marksman rifle'),
(65,'anti material rifle'),
(66,'charge rocket launcher'),
(67,'charge rifle'),
(68,'charge lance'),
(69,'core launcher'),
(70,'smoke granades'),
(71,'flash granades'),
(72,'charge pistol'),
(73,'charge shotgun'),
(74,'charge SMG'),
(75,'charge LMG'),
(76,'charge sniper rifle'),
(77,'charge minigun'),
(78,'charge rocket launcher'),
(79,'EMP granade launcher'),
(80,'burn gauntlet'),
(81,'pain stick'),
(82,'hand cannon')


insert into cobject values
(000001,81),
(000002,54),
(000003,35),
(0004,23),
(5,56),
(6,12),
(7,40),
(0000008,40),
(0000009,76),
(000010,21),
(000011,65),
(000012,35),
(000013,54),
(000014,24),
(000015,74),
(000016,21),
(000017,53),
(000018,21),
(000019,27),
(000020,49),
(000021,01),
(000022,34),
(000023,45),
(000024,53),
(000025,64),
(000026,25),
(000027,53),
(000028,15),
(000029,17),
(000030,54)

insert into skills values
(0000001,null,20,10,20,12,20,12,12,12,20,12,05),
(0000002,12,03,04,12,04,10,05,12,13,20,12,05),
(0000003,02,04,10,05,12,09,12,03,06,01,03,05),
(0000004,01,04,10,05,12,04,10,05,12,04,10,00),
(0000005,09,10,03,01,04,05,01,05,null,05,01,03),
(0000006,12,20,10,20,09,null,01,00,09,10,null,null),
(0000007,01,09,10,20,00,00,00,01,03,09,10,10),
(0000008,20,04,10,null,12,01,04,03,02,01,null,null),
(0000009,09,20,10,10,01,05,09,10,09,null,null,null),
(0000010,01,04,12,05,null,20,12,15,16,20,01,01),
(0000011,01,01,13,12,null,null,null,12,10,03,09,14),
(0000012,05,10,10,09,01,01,00,00,00,01,02,09),
(0000013,null,null,03,10,01,09,05,01,09,09,null,20),
(0000014,12,10,04,00,00,00,00,00,00,01,03,01),
(0000015,03,12,10,05,12,00,02,01,01,02,04,01),
(0000016,01,null,04,10,05,12,04,10,04,20,00,00),
(0000017,05,09,10,null,null,null,10,01,01,01,02,10),
(0000018,07,09,03,04,10,05,12,null,null,null,01,01),
(0000019,null,04,10,05,12,01,null,null,02,02,04,09),
(0000020,null,05,12,04,10,05,12,01,null,null,01,10),
(0000021,12,20,04,10,05,12,10,10,01,null,12,05),
(0000022,16,10,null,null,null,null,null,null,null,null,01,10),
(0000023,10,04,10,05,12,12,20,12,05,04,10,05),
(0000024,02,02,01,null,04,10,05,12,04,10,04,20),
(0000025,05,20,null,04,10,05,12,04,10,04,11,12),
(0000026,05,null,04,10,05,12,04,10,04,01,20,00),
(0000027,12,null,10,null,04,10,05,12,04,10,04,20),
(0000028,06,10,01,01,01,02,10,05,12,04,10,01),
(0000029,09,05,12,04,10,05,12,04,10,05,12,10),
(0000030,null,null,05,12,04,10,05,12,04,10,05,12)

INSERT INTO headgear values
(1,'simple helmet'),
(2,'flack helmet'),
(3,'recon helmet'),
(4,'marine helmet'),
(5,'cataphract helmet'),
(6,'Psyfocus helmet'),
(7,'Psychic foil helmet'),
(8,'cowboy hat'),
(9,'bowler hat'),
(10,'tribal headdress'),
(11,'tuque'),
(12,'war viel'),
(13,'top hat'),
(14,'ladies hat'),
(15,'coronet crown')

insert into middle_layer values
(1,'flak vest')

insert into waist_layer values
(1,'shield belt'),
(2,'smokepop belt')

insert into mnol values
(1,'Plate armor'),
(2,'Flak jacket'),
(3,'Recon armor'),
(4,'Marine armor'),
(5,'Cataphract armor'),
(6,'Tribalwear'),
(7,'Parka'),
(8,'T-shirt'),
(9,'Button-down shirt'),
(10,'Duster'),
(11,'Jacket'),
(12,'Ruffle shirt'),
(13,'Royal vest'),
(14,'Royal robe'),
(15,'Corset'),
(16,'Psyfocus shirt'),
(17,'Psyfocus vest'),
(18,'Psyfocus robe')

insert into pants values
(1,'Flak pants'),
(2,'Pants')

/*add materials*/
